file	W	H	mode	total_tiles_possible	valid_tiles	num_batches	t_decode_ms	t_tile_ms	t_pre_ms	t_submit_ms	t_sync_wait_ms	t_total_ms	tile_per_s	img_per_s	avg_ms_per_tile_total	pre_ms_per_tile	note
test0.tif	2048	1536	fast_grid	54	54	2	848.346	90.852	197.385	120.105	199.356	7418.105	7.279	0.134805	137.372321	3.655269	warmup_sync_ms=5980.84
test10.tif	2048	1536	fast_grid	54	54	2	105.030	89.192	185.783	69.211	6.734	390.526	138.275	2.560648	7.231966	3.440421	
test11.tif	2048	1536	fast_grid	54	54	2	96.678	88.445	157.413	68.886	7.210	351.433	153.657	2.845496	6.508011	2.915049	
test12.tif	2048	1536	fast_grid	54	54	2	92.171	88.037	157.299	66.716	8.198	352.715	153.098	2.835152	6.531756	2.912941	
test13.tif	2048	1536	fast_grid	54	54	2	92.595	87.707	145.559	65.599	8.244	344.362	156.812	2.903923	6.377069	2.695535	
