file	W	H	total_tiles_possible	valid_tiles	num_batches	t_decode_ms	t_tile_ms	t_pre_ms	t_submit_ms	t_sync_wait_ms	t_total_ms	tile_per_s	img_per_s	avg_ms_per_tile_total	pre_ms_per_tile	note
test0.tif	2048	1536	54	54	2	785.721	282.177	221.549	125.950	212.020	7039.271	7.671	0.142060	130.356870	4.102751	warmup_sync_ms=5473.89
test10.tif	2048	1536	54	54	2	94.699	108.789	148.009	71.252	4.291	364.798	148.027	2.741244	6.755516	2.740899	
test11.tif	2048	1536	54	54	2	101.315	107.879	142.289	71.875	6.242	379.111	142.439	2.637752	7.020569	2.634986	
test12.tif	2048	1536	54	54	2	101.329	108.418	142.025	71.582	6.206	372.993	144.775	2.681015	6.907280	2.630091	
test13.tif	2048	1536	54	54	2	99.233	109.097	152.832	71.595	5.127	387.809	139.244	2.578592	7.181641	2.830214	
